YEAR,JULIAN,RAIN_MM
2001,1,0
2001,2,0
2001,3,0
2001,4,0
2001,5,0
2001,6,0
2001,7,0
2001,8,0
2001,9,0
2001,10,0
2001,11,0
2001,12,0
2001,13,0
2001,14,0
2001,15,0
2001,16,0
2001,17,0
2001,18,0
2001,19,0
2001,20,0
2001,21,0
2001,22,0
2001,23,0
2001,24,0
2001,25,
2001,26,
2001,27,
2001,28,
2001,29,
2001,30,0.254
2001,31,0
2001,32,0
2001,33,0
2001,34,0
2001,35,0
2001,36,0
2001,37,0
2001,38,0
2001,39,0
2001,40,0
2001,41,0
2001,42,0
2001,43,
2001,44,
2001,45,
2001,46,0
2001,47,0
2001,48,0
2001,49,0
2001,50,0
2001,51,0
2001,52,0
2001,53,0
2001,54,0
2001,55,0
2001,56,0
2001,57,0
2001,58,0
2001,59,0
2001,60,0
2001,61,0
2001,62,0
2001,63,0
2001,64,0
2001,65,1.524
2001,66,0
2001,67,0
2001,68,0
2001,69,
2001,70,
2001,71,
2001,72,
2001,73,0
2001,74,0
2001,75,0
2001,76,0.508
2001,77,0
2001,78,0.254
2001,79,7.874
2001,80,21.082
2001,81,35.052
2001,82,0
2001,83,5.334
2001,84,1.016
2001,85,2.794
2001,86,0
2001,87,0
2001,88,2.794
2001,89,2.032
2001,90,0.762
2001,91,2.794
2001,92,0
2001,93,3.81
2001,94,10.414
2001,95,58.166
2001,96,4.572
2001,97,11.684
2001,98,3.556
2001,99,2.54
2001,100,0
2001,101,14.478
2001,102,4.826
2001,103,12.446
2001,104,0
2001,105,0
2001,106,0
2001,107,0
2001,108,0
2001,109,1.016
2001,110,8.636
2001,111,38.354
2001,112,5.334
2001,113,7.112
2001,114,14.224
2001,115,1.016
2001,116,6.604
2001,117,2.286
2001,118,0.254
2001,119,0.254
2001,120,43.18
2001,121,20.32
2001,122,0
2001,123,0
2001,124,0
2001,125,0
2001,126,25.4
2001,127,37.084
2001,128,1.778
2001,129,1.016
2001,130,0
2001,131,0
2001,132,3.048
2001,133,1.524
2001,134,0
2001,135,0
2001,136,0
2001,137,0
2001,138,6.35
2001,139,0
2001,140,0
2001,141,0
2001,142,6.35
2001,143,0.762
2001,144,2.032
2001,145,0.254
2001,146,2.032
2001,147,1.27
2001,148,23.876
2001,149,0
2001,150,2.032
2001,151,1.27
2001,152,19.304
2001,153,0
2001,154,0
2001,155,0.508
2001,156,8.89
2001,157,1.778
2001,158,1.27
2001,159,0.254
2001,160,0.762
2001,161,5.842
2001,162,0
2001,163,0
2001,164,0
2001,165,0.762
2001,166,6.35
2001,167,4.064
2001,168,0
2001,169,0
2001,170,7.874
2001,171,2.286
2001,172,0
2001,173,0
2001,174,0.254
2001,175,3.048
2001,176,9.144
2001,177,0
2001,178,10.16
2001,179,6.858
2001,180,0
2001,181,14.478
2001,182,13.716
2001,183,22.098
2001,184,0
2001,185,36.322
2001,186,2.032
2001,187,0
2001,188,0
2001,189,0
2001,190,0
2001,191,1.524
2001,192,0.508
2001,193,10.16
2001,194,20.066
2001,195,0
2001,196,2.54
2001,197,1.016
2001,198,0
2001,199,3.302
2001,200,1.016
2001,201,1.27
2001,202,0.254
2001,203,9.906
2001,204,3.302
2001,205,25.654
2001,206,9.144
2001,207,16.51
2001,208,3.048
2001,209,1.524
2001,210,33.782
2001,211,5.334
2001,212,5.334
2001,213,11.43
2001,214,19.558
2001,215,11.176
2001,216,5.334
2001,217,5.08
2001,218,7.366
2001,219,1.27
2001,220,0
2001,221,23.876
2001,222,10.922
2001,223,7.112
2001,224,7.366
2001,225,1.524
2001,226,9.144
2001,227,4.064
2001,228,1.524
2001,229,21.082
2001,230,3.302
2001,231,0
2001,232,2.54
2001,233,8.636
2001,234,117.09
2001,235,7.366
2001,236,0
2001,237,0
2001,238,0.254
2001,239,23.368
2001,240,19.304
2001,241,15.494
2001,242,0.762
2001,243,2.794
2001,244,18.288
2001,245,3.048
2001,246,4.572
2001,247,0.254
2001,248,0
2001,249,0
2001,250,0
2001,251,0
2001,252,1.778
2001,253,1.27
2001,254,3.302
2001,255,4.318
2001,256,1.778
2001,257,0.762
2001,258,2.54
2001,259,0
2001,260,7.874
2001,261,3.556
2001,262,0
2001,263,0
2001,264,3.302
2001,265,20.574
2001,266,2.032
2001,267,19.558
2001,268,4.318
2001,269,5.334
2001,270,9.652
2001,271,0
2001,272,9.398
2001,273,0
2001,274,0
2001,275,0.762
2001,276,32.766
2001,277,15.748
2001,278,12.954
2001,279,8.382
2001,280,1.27
2001,281,13.208
2001,282,10.414
2001,283,6.604
2001,284,0.762
2001,285,0
2001,286,7.112
2001,287,18.796
2001,288,53.848
2001,289,16.256
2001,290,7.62
2001,291,2.794
2001,292,10.414
2001,293,3.048
2001,294,11.684
2001,295,8.89
2001,296,1.524
2001,297,2.032
2001,298,2.794
2001,299,0.762
2001,300,0
2001,301,5.588
2001,302,2.286
2001,303,2.032
2001,304,0.762
2001,305,0.254
2001,306,0
2001,307,0
2001,308,0.508
2001,309,13.208
2001,310,1.016
2001,311,137.67
2001,312,112.52
2001,313,59.69
2001,314,7.112
2001,315,0
2001,316,0.254
2001,317,9.906
2001,318,
2001,319,
2001,320,
2001,321,
2001,322,
2001,323,
2001,324,
2001,325,0
2001,326,0
2001,327,9.398
2001,328,3.048
2001,329,14.224
2001,330,1.016
2001,331,3.556
2001,332,0.508
2001,333,1.524
2001,334,0
2001,335,0
2001,336,5.588
2001,337,6.604
2001,338,79.756
2001,339,17.018
2001,340,1.778
2001,341,11.43
2001,342,3.556
2001,343,6.35
2001,344,4.572
2001,345,36.068
2001,346,14.224
2001,347,9.652
2001,348,15.24
2001,349,35.306
2001,350,
2001,351,57.15
2001,352,9.906
2001,353,1.778
2001,354,0.508
2001,355,31.242
2001,356,33.782
2001,357,68.326
2001,358,8.128
2001,359,0
2001,360,0
2001,361,0
2001,362,0
2001,363,0
2001,364,0
2001,365,4.572
2002,1,0
2002,2,0
2002,3,0
2002,4,0
2002,5,22.86
2002,6,45.974
2002,7,0
2002,8,0
2002,9,0.762
2002,10,0.254
2002,11,1.524
2002,12,0
2002,13,1.016
2002,14,2.286
2002,15,2.54
2002,16,5.08
2002,17,9.652
2002,18,12.7
2002,19,4.318
2002,20,4.318
2002,21,6.096
2002,22,16.002
2002,23,19.05
2002,24,20.828
2002,25,2.794
2002,26,3.302
2002,27,6.604
2002,28,32.512
2002,29,11.43
2002,30,8.89
2002,31,10.414
2002,32,11.176
2002,33,5.842
2002,34,12.192
2002,35,0
2002,36,2.54
2002,37,3.302
2002,38,2.54
2002,39,0.762
2002,40,3.556
2002,41,3.81
2002,42,0
2002,43,2.286
2002,44,10.16
2002,45,0
2002,46,3.048
2002,47,2.032
2002,48,2.286
2002,49,0
2002,50,0.508
2002,51,0
2002,52,0
2002,53,0
2002,54,0.254
2002,55,1.27
2002,56,0
2002,57,13.208
2002,58,0
2002,59,0
2002,60,3.048
2002,61,1.778
2002,62,1.524
2002,63,4.572
2002,64,2.54
2002,65,0
2002,66,5.334
2002,67,22.606
2002,68,0.762
2002,69,8.382
2002,70,8.382
2002,71,0.508
2002,72,8.128
2002,73,0
2002,74,0
2002,75,0
2002,76,0.254
2002,77,17.78
2002,78,0.254
2002,79,0
2002,80,0
2002,81,0
2002,82,1.27
2002,83,0
2002,84,0
2002,85,2.286
2002,86,8.636
2002,87,3.556
2002,88,17.78
2002,89,9.906
2002,90,1.778
2002,91,0.254
2002,92,22.352
2002,93,10.414
2002,94,14.732
2002,95,0
2002,96,3.556
2002,97,9.906
2002,98,32.258
2002,99,10.922
2002,100,5.334
2002,101,7.112
2002,102,0
2002,103,0
2002,104,0.254
2002,105,60.198
2002,106,55.372
2002,107,1.27
2002,108,0
2002,109,5.842
2002,110,44.958
2002,111,40.132
2002,112,1.016
2002,113,15.748
2002,114,7.366
2002,115,0
2002,116,60.96
2002,117,4.572
2002,118,0.762
2002,119,0.508
2002,120,0
2002,121,12.446
2002,122,7.62
2002,123,7.62
2002,124,6.858
2002,125,21.844
2002,126,17.78
2002,127,20.574
2002,128,0
2002,129,17.272
2002,130,1.27
2002,131,33.02
2002,132,0
2002,133,0.508
2002,134,1.016
2002,135,0.254
2002,136,1.524
2002,137,5.334
2002,138,10.16
2002,139,0
2002,140,0
2002,141,0
2002,142,0.508
2002,143,6.604
2002,144,0
2002,145,0
2002,146,1.016
2002,147,29.464
2002,148,5.842
2002,149,20.066
2002,150,71.12
2002,151,0.762
2002,152,0
2002,153,0
2002,154,0
2002,155,16.51
2002,156,28.956
2002,157,1.27
2002,158,0
2002,159,10.16
2002,160,2.54
2002,161,0
2002,162,0.508
2002,163,19.05
2002,164,3.302
2002,165,0.254
2002,166,0
2002,167,3.302
2002,168,16.51
2002,169,24.384
2002,170,16.256
2002,171,15.748
2002,172,28.956
2002,173,0
2002,174,0
2002,175,0.254
2002,176,0
2002,177,0.254
2002,178,5.588
2002,179,7.366
2002,180,0
2002,181,0
2002,182,3.048
2002,183,3.81
2002,184,2.54
2002,185,2.794
2002,186,0.762
2002,187,5.588
2002,188,15.24
2002,189,0.762
2002,190,9.906
2002,191,0
2002,192,2.54
2002,193,0
2002,194,0
2002,195,5.588
2002,196,0.762
2002,197,9.398
2002,198,2.794
2002,199,0
2002,200,0
2002,201,3.81
2002,202,0.762
2002,203,3.81
2002,204,10.668
2002,205,15.748
2002,206,0.508
2002,207,1.524
2002,208,12.192
2002,209,7.874
2002,210,0
2002,211,0
2002,212,0
2002,213,3.81
2002,214,0
2002,215,0
2002,216,0
2002,217,1.016
2002,218,6.096
2002,219,8.128
2002,220,37.084
2002,221,10.922
2002,222,3.81
2002,223,11.684
2002,224,1.016
2002,225,4.826
2002,226,5.588
2002,227,1.524
2002,228,13.208
2002,229,0
2002,230,8.636
2002,231,0
2002,232,1.524
2002,233,5.842
2002,234,0
2002,235,1.016
2002,236,0
2002,237,5.334
2002,238,2.032
2002,239,0
2002,240,5.842
2002,241,9.398
2002,242,55.372
2002,243,26.67
2002,244,8.128
2002,245,0
2002,246,41.656
2002,247,0
2002,248,0
2002,249,0
2002,250,0
2002,251,8.636
2002,252,11.43
2002,253,6.858
2002,254,2.54
2002,255,0
2002,256,2.286
2002,257,41.91
2002,258,64.262
2002,259,10.668
2002,260,0
2002,261,2.794
2002,262,0
2002,263,0
2002,264,0
2002,265,0
2002,266,20.828
2002,267,34.036
2002,268,7.112
2002,269,22.352
2002,270,0
2002,271,8.382
2002,272,0
2002,273,0
2002,274,0
2002,275,31.75
2002,276,0
2002,277,1.778
2002,278,1.778
2002,279,2.286
2002,280,0.254
2002,281,7.874
2002,282,0
2002,283,0.254
2002,284,15.494
2002,285,2.54
2002,286,0
2002,287,0
2002,288,2.54
2002,289,0.508
2002,290,0.254
2002,291,1.016
2002,292,29.464
2002,293,7.62
2002,294,2.286
2002,295,8.128
2002,296,1.27
2002,297,44.45
2002,298,22.352
2002,299,11.176
2002,300,0
2002,301,1.27
2002,302,11.684
2002,303,0
2002,304,3.81
2002,305,0
2002,306,0
2002,307,6.604
2002,308,0
2002,309,0
2002,310,0
2002,311,0
2002,312,0
2002,313,0.508
2002,314,3.048
2002,315,16.002
2002,316,9.652
2002,317,0
2002,318,0
2002,319,0
2002,320,13.716
2002,321,21.082
2002,322,18.796
2002,323,5.842
2002,324,0
2002,325,13.462
2002,326,0.762
2002,327,0.762
2002,328,4.826
2002,329,3.556
2002,330,6.35
2002,331,0.508
2002,332,0.254
2002,333,0
2002,334,0
2002,335,2.54
2002,336,14.478
2002,337,0.254
2002,338,0
2002,339,4.572
2002,340,2.286
2002,341,0
2002,342,14.224
2002,343,1.778
2002,344,8.382
2002,345,4.572
2002,346,4.572
2002,347,11.684
2002,348,3.81
2002,349,0.508
2002,350,2.286
2002,351,0
2002,352,0
2002,353,8.636
2002,354,9.652
2002,355,13.716
2002,356,7.366
2002,357,1.016
2002,358,5.588
2002,359,2.54
2002,360,0.508
2002,361,0
2002,362,0
2002,363,0.508
2002,364,4.318
2002,365,2.032
2003,1,20.828
2003,2,7.366
2003,3,0.508
2003,4,0.508
2003,5,9.144
2003,6,0
2003,7,0
2003,8,0
2003,9,0
2003,10,0
2003,11,0
2003,12,0
2003,13,2.032
2003,14,0
2003,15,0
2003,16,4.064
2003,17,0.254
2003,18,4.572
2003,19,0
2003,20,4.064
2003,21,2.286
2003,22,0
2003,23,0.762
2003,24,0.508
2003,25,94.742
2003,26,3.556
2003,27,2.286
2003,28,1.016
2003,29,3.556
2003,30,15.24
2003,31,9.906
2003,32,0.508
2003,33,0
2003,34,0.508
2003,35,47.244
2003,36,4.318
2003,37,0.508
2003,38,7.112
2003,39,2.286
2003,40,3.556
2003,41,6.096
2003,42,7.366
2003,43,0.762
2003,44,1.27
2003,45,1.016
2003,46,1.27
2003,47,12.192
2003,48,17.018
2003,49,4.064
2003,50,1.27
2003,51,5.334
2003,52,1.778
2003,53,0.508
2003,54,0.254
2003,55,1.27
2003,56,6.096
2003,57,0
2003,58,0
2003,59,0
2003,60,0
2003,61,4.064
2003,62,1.524
2003,63,0.762
2003,64,0
2003,65,0
2003,66,0
2003,67,0.254
2003,68,1.778
2003,69,4.318
2003,70,4.572
2003,71,0
2003,72,0
2003,73,0.508
2003,74,1.524
2003,75,0.254
2003,76,0.508
2003,77,0.762
2003,78,2.032
2003,79,0
2003,80,0
2003,81,2.54
2003,82,5.334
2003,83,1.778
2003,84,4.318
2003,85,2.54
2003,86,4.318
2003,87,0
2003,88,5.842
2003,89,0
2003,90,0
2003,91,6.858
2003,92,4.318
2003,93,47.752
2003,94,4.572
2003,95,77.724
2003,96,2.032
2003,97,0.254
2003,98,0.254
2003,99,29.464
2003,100,34.544
2003,101,48.768
2003,102,0.508
2003,103,0
2003,104,11.938
2003,105,31.75
2003,106,4.826
2003,107,194.06
2003,108,35.814
2003,109,18.288
2003,110,1.016
2003,111,60.452
2003,112,4.064
2003,113,19.812
2003,114,5.08
2003,115,0
2003,116,2.286
2003,117,4.826
2003,118,0
2003,119,0
2003,120,0
2003,121,0
2003,122,0
2003,123,0
2003,124,0
2003,125,0.762
2003,126,1.524
2003,127,2.794
2003,128,3.302
2003,129,5.08
2003,130,0.762
2003,131,0.254
2003,132,2.286
2003,133,3.302
2003,134,21.59
2003,135,1.016
2003,136,1.016
2003,137,14.986
2003,138,5.588
2003,139,0
2003,140,1.524
2003,141,10.414
2003,142,20.066
2003,143,17.018
2003,144,7.62
2003,145,0
2003,146,0
2003,147,0
2003,148,0
2003,149,0
2003,150,0
2003,151,0
2003,152,4.572
2003,153,10.922
2003,154,13.716
2003,155,0
2003,156,0
2003,157,7.874
2003,158,46.482
2003,159,2.032
2003,160,5.334
2003,161,0
2003,162,0.254
2003,163,12.7
2003,164,0
2003,165,22.352
2003,166,26.67
2003,167,1.778
2003,168,1.524
2003,169,4.318
2003,170,8.89
2003,171,5.842
2003,172,19.812
2003,173,0.254
2003,174,0.508
2003,175,0.762
2003,176,0
2003,177,0
2003,178,1.524
2003,179,8.128
2003,180,1.27
2003,181,0
2003,182,1.27
2003,183,11.684
2003,184,11.684
2003,185,5.08
2003,186,7.874
2003,187,20.32
2003,188,0
2003,189,19.304
2003,190,5.334
2003,191,0.254
2003,192,0
2003,193,1.524
2003,194,43.688
2003,195,0
2003,196,2.794
2003,197,20.32
2003,198,0
2003,199,3.556
2003,200,0
2003,201,2.54
2003,202,18.796
2003,203,24.384
2003,204,0
2003,205,0.254
2003,206,0.254
2003,207,11.684
2003,208,14.478
2003,209,19.05
2003,210,0.254
2003,211,0
2003,212,22.86
2003,213,6.858
2003,214,18.288
2003,215,0
2003,216,0.254
2003,217,3.556
2003,218,29.464
2003,219,8.636
2003,220,10.414
2003,221,9.144
2003,222,0
2003,223,0
2003,224,0
2003,225,2.032
2003,226,9.398
2003,227,0.508
2003,228,0
2003,229,0.254
2003,230,29.972
2003,231,18.542
2003,232,6.858
2003,233,94.488
2003,234,22.352
2003,235,0.508
2003,236,0.508
2003,237,59.944
2003,238,13.208
2003,239,2.032
2003,240,30.734
2003,241,10.414
2003,242,8.89
2003,243,6.35
2003,244,8.89
2003,245,8.128
2003,246,26.67
2003,247,0
2003,248,0
2003,249,0.254
2003,250,0.254
2003,251,14.986
2003,252,6.35
2003,253,0
2003,254,10.922
2003,255,0
2003,256,0.254
2003,257,0
2003,258,8.89
2003,259,14.224
2003,260,0
2003,261,1.016
2003,262,7.366
2003,263,30.988
2003,264,20.828
2003,265,0
2003,266,0
2003,267,0
2003,268,0
2003,269,2.794
2003,270,3.048
2003,271,0
2003,272,11.938
2003,273,15.494
2003,274,0
2003,275,0
2003,276,0
2003,277,0
2003,278,0
2003,279,0
2003,280,1.016
2003,281,0.762
2003,282,37.338
2003,283,46.482
2003,284,0.762
2003,285,1.27
2003,286,3.556
2003,287,0
2003,288,0
2003,289,0
2003,290,1.27
2003,291,6.858
2003,292,0
2003,293,0.762
2003,294,0.254
2003,295,0
2003,296,0.254
2003,297,2.032
2003,298,4.826
2003,299,1.778
2003,300,0.254
2003,301,13.462
2003,302,2.794
2003,303,0
2003,304,3.302
2003,305,6.604
2003,306,0.508
2003,307,12.954
2003,308,26.924
2003,309,11.176
2003,310,37.592
2003,311,13.716
2003,312,41.91
2003,313,34.798
2003,314,10.16
2003,315,44.704
2003,316,197.36
2003,317,93.726
2003,318,4.572
2003,319,20.066
2003,320,19.812
2003,321,76.708
2003,322,7.62
2003,323,8.89
2003,324,0
2003,325,0
2003,326,3.048
2003,327,8.128
2003,328,34.798
2003,329,0.254
2003,330,0
2003,331,6.35
2003,332,0
2003,333,0.762
2003,334,7.874
2003,335,2.286
2003,336,3.556
2003,337,6.096
2003,338,7.62
2003,339,17.018
2003,340,77.724
2003,341,7.112
2003,342,36.322
2003,343,3.81
2003,344,1.27
2003,345,8.128
2003,346,0
2003,347,10.414
2003,348,18.796
2003,349,0
2003,350,0
2003,351,23.876
2003,352,0.254
2003,353,1.778
2003,354,0
2003,355,0
2003,356,0.254
2003,357,0
2003,358,0.508
2003,359,22.352
2003,360,8.128
2003,361,20.066
2003,362,24.384
2003,363,5.588
2003,364,1.27
2003,365,1.524
2004,1,2.032
2004,2,11.43
2004,3,0.508
2004,4,3.556
2004,5,13.716
2004,6,27.94
2004,7,0.254
2004,8,11.176
2004,9,0.762
2004,10,6.35
2004,11,7.366
2004,12,0
2004,13,0.254
2004,14,4.318
2004,15,0.254
2004,16,0
2004,17,0
2004,18,0
2004,19,0
2004,20,0
2004,21,0
2004,22,0
2004,23,0
2004,24,0.254
2004,25,0
2004,26,0
2004,27,1.778
2004,28,0
2004,29,0.762
2004,30,0
2004,31,0
2004,32,0
2004,33,1.524
2004,34,4.826
2004,35,5.588
2004,36,0.762
2004,37,28.956
2004,38,12.7
2004,39,2.286
2004,40,10.414
2004,41,6.858
2004,42,3.81
2004,43,5.08
2004,44,0
2004,45,7.366
2004,46,13.716
2004,47,13.462
2004,48,16.256
2004,49,1.524
2004,50,0
2004,51,25.4
2004,52,27.432
2004,53,0
2004,54,2.54
2004,55,0
2004,56,0
2004,57,7.62
2004,58,0
2004,59,0
2004,60,43.18
2004,61,0
2004,62,17.272
2004,63,0.508
2004,64,0.762
2004,65,0
2004,66,0
2004,67,0
2004,68,0
2004,69,0
2004,70,0.762
2004,71,0.254
2004,72,1.778
2004,73,4.572
2004,74,21.59
2004,75,16.002
2004,76,5.08
2004,77,15.24
2004,78,18.542
2004,79,15.494
2004,80,19.558
2004,81,0.254
2004,82,2.032
2004,83,0
2004,84,34.544
2004,85,9.398
2004,86,37.084
2004,87,33.02
2004,88,59.436
2004,89,6.604
2004,90,0
2004,91,0
2004,92,0
2004,93,
2004,94,
2004,95,
2004,96,
2004,97,
2004,98,
2004,99,2.286
2004,100,0
2004,101,0
2004,102,0
2004,103,0
2004,104,4.064
2004,105,0
2004,106,0
2004,107,0
2004,108,0
2004,109,4.318
2004,110,5.334
2004,111,8.382
2004,112,1.27
2004,113,0.762
2004,114,9.144
2004,115,3.048
2004,116,3.556
2004,117,2.794
2004,118,38.354
2004,119,3.556
2004,120,8.89
2004,121,0
2004,122,9.906
2004,123,4.064
2004,124,21.336
2004,125,40.64
2004,126,34.544
2004,127,0
2004,128,2.032
2004,129,15.494
2004,130,159
2004,131,59.436
2004,132,90.932
2004,133,94.996
2004,134,49.276
2004,135,40.132
2004,136,30.48
2004,137,19.304
2004,138,5.08
2004,139,28.194
2004,140,45.72
2004,141,27.432
2004,142,23.876
2004,143,27.94
2004,144,18.542
2004,145,11.176
2004,146,3.048
2004,147,0
2004,148,0
2004,149,0
2004,150,0
2004,151,10.16
2004,152,0
2004,153,0
2004,154,0.508
2004,155,7.366
2004,156,21.082
2004,157,2.794
2004,158,9.906
2004,159,20.066
2004,160,33.02
2004,161,96.52
2004,162,45.72
2004,163,4.318
2004,164,0
2004,165,0
2004,166,0
2004,167,0
2004,168,0
2004,169,24.892
2004,170,1.524
2004,171,0
2004,172,0
2004,173,2.54
2004,174,1.27
2004,175,0.762
2004,176,0
2004,177,4.826
2004,178,2.794
2004,179,43.434
2004,180,12.446
2004,181,8.128
2004,182,3.81
2004,183,14.986
2004,184,12.7
2004,185,9.652
2004,186,4.572
2004,187,1.016
2004,188,8.382
2004,189,7.366
2004,190,0
2004,191,0
2004,192,0.762
2004,193,33.274
2004,194,33.528
2004,195,0
2004,196,8.382
2004,197,7.874
2004,198,12.7
2004,199,6.35
2004,200,2.286
2004,201,4.572
2004,202,40.894
2004,203,13.462
2004,204,0
2004,205,0
2004,206,32.004
2004,207,17.272
2004,208,12.7
2004,209,4.826
2004,210,0
2004,211,5.588
2004,212,0.254
2004,213,0
2004,214,0
2004,215,6.604
2004,216,0
2004,217,20.066
2004,218,0.762
2004,219,1.778
2004,220,0
2004,221,5.334
2004,222,10.668
2004,223,11.43
2004,224,0.254
2004,225,1.27
2004,226,19.05
2004,227,6.604
2004,228,4.318
2004,229,3.81
2004,230,8.89
2004,231,6.858
2004,232,0.762
2004,233,2.032
2004,234,0
2004,235,0
2004,236,0
2004,237,6.35
2004,238,3.556
2004,239,4.826
2004,240,1.778
2004,241,3.81
2004,242,0.254
2004,243,1.27
2004,244,12.954
2004,245,10.16
2004,246,0
2004,247,3.302
2004,248,12.7
2004,249,21.336
2004,250,6.858
2004,251,0.508
2004,252,12.954
2004,253,0.254
2004,254,1.524
2004,255,3.556
2004,256,26.162
2004,257,0
2004,258,19.812
2004,259,307.34
2004,260,58.928
2004,261,37.338
2004,262,12.7
2004,263,0
2004,264,0
2004,265,0
2004,266,1.27
2004,267,0
2004,268,1.778
2004,269,0.254
2004,270,0
2004,271,4.064
2004,272,3.048
2004,273,1.524
2004,274,12.7
2004,275,2.286
2004,276,7.874
2004,277,0.254
2004,278,8.382
2004,279,6.096
2004,280,3.302
2004,281,58.674
2004,282,1.27
2004,283,0
2004,284,4.826
2004,285,29.464
2004,286,2.286
2004,287,2.032
2004,288,4.064
2004,289,0
2004,290,0
2004,291,5.588
2004,292,7.874
2004,293,1.27
2004,294,12.954
2004,295,13.462
2004,296,5.842
2004,297,4.572
2004,298,0.762
2004,299,0.254
2004,300,0
2004,301,0
2004,302,0
2004,303,32.512
2004,304,5.334
2004,305,75.946
2004,306,10.668
2004,307,26.924
2004,308,3.048
2004,309,0.254
2004,310,0
2004,311,9.652
2004,312,19.304
2004,313,14.478
2004,314,11.43
2004,315,9.906
2004,316,8.89
2004,317,70.104
2004,318,123.19
2004,319,72.898
2004,320,30.226
2004,321,3.556
2004,322,0.762
2004,323,
2004,324,
2004,325,
2004,326,
2004,327,
2004,328,
2004,329,
2004,330,
2004,331,
2004,332,
2004,333,
2004,334,
2004,335,
2004,336,
2004,337,
2004,338,2.54
2004,339,5.842
2004,340,14.478
2004,341,10.922
2004,342,53.086
2004,343,21.844
2004,344,3.556
2004,345,8.636
2004,346,1.016
2004,347,8.128
2004,348,40.132
2004,349,18.288
2004,350,21.844
2004,351,19.558
2004,352,0.762
2004,353,1.27
2004,354,4.572
2004,355,7.366
2004,356,4.572
2004,357,19.304
2004,358,2.794
2004,359,5.08
2004,360,0.762
2004,361,1.016
2004,362,0
2004,363,0.508
2004,364,8.89
2004,365,11.176
2004,366,7.62
2005,1,70.866
2005,2,1.016
2005,3,2.032
2005,4,7.62
2005,5,29.464
2005,6,38.608
2005,7,11.684
2005,8,13.462
2005,9,35.306
2005,10,40.386
2005,11,12.446
2005,12,29.21
2005,13,64.262
2005,14,13.462
2005,15,14.478
2005,16,1.778
2005,17,0
2005,18,3.81
2005,19,92.456
2005,20,70.358
2005,21,
2005,22,
2005,23,
2005,24,
2005,25,
2005,26,
2005,27,
2005,28,
2005,29,2.286
2005,30,50.292
2005,31,0
2005,32,0
2005,33,0
2005,34,4.318
2005,35,0
2005,36,0
2005,37,11.938
2005,38,0
2005,39,0
2005,40,0.762
2005,41,0
2005,42,0
2005,43,0
2005,44,3.302
2005,45,52.578
2005,46,17.272
2005,47,0
2005,48,0.254
2005,49,0
2005,50,0
2005,51,2.54
2005,52,0.254
2005,53,7.366
2005,54,0
2005,55,5.334
2005,56,33.02
2005,57,0
2005,58,0
2005,59,0
2005,60,0.254
2005,61,0
2005,62,0
2005,63,0
2005,64,0
2005,65,1.016
2005,66,0
2005,67,0
2005,68,0
2005,69,0
2005,70,0
2005,71,0
2005,72,0
2005,73,0
2005,74,0
2005,75,0
2005,76,0
2005,77,0
2005,78,0
2005,79,0
2005,80,1.27
2005,81,2.032
2005,82,0
2005,83,0
2005,84,0
2005,85,0
2005,86,0
2005,87,0
2005,88,0
2005,89,0
2005,90,3.81
2005,91,5.588
2005,92,1.016
2005,93,0
2005,94,0
2005,95,0
2005,96,1.27
2005,97,17.526
2005,98,1.27
2005,99,0
2005,100,0
2005,101,72.644
2005,102,4.826
2005,103,0.254
2005,104,2.032
2005,105,0.508
2005,106,0
2005,107,0
2005,108,0.254
2005,109,22.606
2005,110,18.288
2005,111,26.924
2005,112,7.112
2005,113,3.302
2005,114,5.588
2005,115,1.27
2005,116,3.048
2005,117,0
2005,118,0.508
2005,119,11.938
2005,120,17.018
2005,121,0
2005,122,6.604
2005,123,0.508
2005,124,1.016
2005,125,6.604
2005,126,0.254
2005,127,1.778
2005,128,0
2005,129,0.254
2005,130,0
2005,131,10.16
2005,132,14.478
2005,133,11.684
2005,134,1.016
2005,135,1.016
2005,136,42.164
2005,137,46.736
2005,138,9.398
2005,139,0
2005,140,1.778
2005,141,0
2005,142,5.08
2005,143,27.94
2005,144,13.208
2005,145,17.272
2005,146,0
2005,147,2.286
2005,148,0.254
2005,149,0
2005,150,19.812
2005,151,0
2005,152,12.7
2005,153,0.762
2005,154,9.398
2005,155,18.034
2005,156,38.1
2005,157,16.51
2005,158,6.096
2005,159,1.016
2005,160,1.016
2005,161,1.524
2005,162,8.89
2005,163,19.05
2005,164,21.082
2005,165,0
2005,166,0
2005,167,1.524
2005,168,0
2005,169,0
2005,170,0
2005,171,0
2005,172,17.018
2005,173,7.874
2005,174,23.114
2005,175,0.762
2005,176,5.334
2005,177,2.286
2005,178,13.97
2005,179,0
2005,180,2.032
2005,181,0.762
2005,182,0
2005,183,0
2005,184,2.54
2005,185,19.558
2005,186,26.162
2005,187,12.446
2005,188,0
2005,189,10.668
2005,190,14.478
2005,191,13.208
2005,192,19.304
2005,193,2.286
2005,194,23.622
2005,195,16.51
2005,196,7.62
2005,197,4.826
2005,198,0.508
2005,199,7.366
2005,200,27.178
2005,201,30.226
2005,202,0.508
2005,203,7.874
2005,204,1.016
2005,205,0
2005,206,1.27
2005,207,0.254
2005,208,0.762
2005,209,4.064
2005,210,19.558
2005,211,4.572
2005,212,7.62
2005,213,13.208
2005,214,7.874
2005,215,0.254
2005,216,0
2005,217,0
2005,218,8.89
2005,219,8.89
2005,220,9.652
2005,221,0.254
2005,222,1.016
2005,223,0
2005,224,3.048
2005,225,9.144
2005,226,0.508
2005,227,20.32
2005,228,7.874
2005,229,0
2005,230,0
2005,231,0
2005,232,43.18
2005,233,0.508
2005,234,2.794
2005,235,13.462
2005,236,15.24
2005,237,9.652
2005,238,1.016
2005,239,6.858
2005,240,0
2005,241,13.462
2005,242,0.254
2005,243,0.762
2005,244,0
2005,245,0
2005,246,0
2005,247,0
2005,248,0
2005,249,0.254
2005,250,6.096
2005,251,4.572
2005,252,1.27
2005,253,9.144
2005,254,31.242
2005,255,0.254
2005,256,28.448
2005,257,18.034
2005,258,0
2005,259,13.462
2005,260,0
2005,261,0
2005,262,1.778
2005,263,25.908
2005,264,3.556
2005,265,29.21
2005,266,14.732
2005,267,23.876
2005,268,0
2005,269,4.064
2005,270,8.128
2005,271,0
2005,272,52.324
2005,273,0
2005,274,13.97
2005,275,32.512
2005,276,19.558
2005,277,3.81
2005,278,0
2005,279,22.352
2005,280,0
2005,281,4.572
2005,282,9.652
2005,283,69.85
2005,284,44.196
2005,285,22.098
2005,286,0
2005,287,1.016
2005,288,0
2005,289,0
2005,290,0
2005,291,3.556
2005,292,5.334
2005,293,2.54
2005,294,26.924
2005,295,29.21
2005,296,56.642
2005,297,0.254
2005,298,0
2005,299,0
2005,300,1.016
2005,301,35.814
2005,302,6.858
2005,303,0.254
2005,304,10.16
2005,305,7.112
2005,306,8.382
2005,307,2.032
2005,308,1.27
2005,309,3.048
2005,310,13.208
2005,311,8.128
2005,312,2.286
2005,313,3.81
2005,314,0.762
2005,315,16.51
2005,316,21.082
2005,317,36.322
2005,318,10.668
2005,319,5.08
2005,320,3.302
2005,321,3.556
2005,322,12.192
2005,323,0
2005,324,13.462
2005,325,4.318
2005,326,0
2005,327,0.508
2005,328,62.23
2005,329,7.874
2005,330,29.464
2005,331,1.524
2005,332,8.89
2005,333,17.272
2005,334,0.762
2005,335,7.62
2005,336,0
2005,337,33.528
2005,338,3.81
2005,339,0
2005,340,13.97
2005,341,1.27
2005,342,16.002
2005,343,5.588
2005,344,0.254
2005,345,18.288
2005,346,0
2005,347,0
2005,348,0
2005,349,32.258
2005,350,3.048
2005,351,11.176
2005,352,7.366
2005,353,0.254
2005,354,5.334
2005,355,4.064
2005,356,0
2005,357,0
2005,358,6.858
2005,359,0.762
2005,360,0
2005,361,0.254
2005,362,0
2005,363,0
2005,364,0
2005,365,5.08
2006,1,16.51
2006,2,3.556
2006,3,0.254
2006,4,3.048
2006,5,0.254
2006,6,0
2006,7,0.254
2006,8,5.588
2006,9,39.116
2006,10,6.35
2006,11,10.414
2006,12,17.272
2006,13,4.572
2006,14,0.508
2006,15,32.258
2006,16,3.556
2006,17,0.508
2006,18,27.94
2006,19,25.654
2006,20,18.542
2006,21,9.144
2006,22,39.878
2006,23,2.286
2006,24,0
2006,25,0.508
2006,26,1.016
2006,27,38.1
2006,28,24.892
2006,29,8.128
2006,30,2.794
2006,31,4.064
2006,32,0
2006,33,9.906
2006,34,9.906
2006,35,1.524
2006,36,4.318
2006,37,6.858
2006,38,11.938
2006,39,6.35
2006,40,0
2006,41,0.508
2006,42,5.08
2006,43,4.572
2006,44,0
2006,45,0
2006,46,13.716
2006,47,5.08
2006,48,0
2006,49,6.858
2006,50,0.254
2006,51,4.826
2006,52,0.254
2006,53,0
2006,54,0
2006,55,0
2006,56,0
2006,57,0
2006,58,0
2006,59,0
2006,60,1.524
2006,61,0
2006,62,2.032
2006,63,0
2006,64,0.254
2006,65,3.302
2006,66,4.318
2006,67,0
2006,68,0.254
2006,69,0
2006,70,2.032
2006,71,5.842
2006,72,3.556
2006,73,25.146
2006,74,0
2006,75,0
2006,76,5.334
2006,77,4.572
2006,78,0.254
2006,79,0
2006,80,0
2006,81,0
2006,82,0
2006,83,4.064
2006,84,2.54
2006,85,0
2006,86,8.636
2006,87,0.254
2006,88,0
2006,89,27.686
2006,90,2.794
2006,91,61.214
2006,92,6.858
2006,93,0
2006,94,15.748
2006,95,98.806
2006,96,40.64
2006,97,14.732
2006,98,2.54
2006,99,1.016
2006,100,0
2006,101,0
2006,102,33.528
2006,103,0.254
2006,104,10.668
2006,105,0.254
2006,106,5.588
2006,107,0
2006,108,0
2006,109,0
2006,110,0
2006,111,112.52
2006,112,92.456
2006,113,7.112
2006,114,4.826
2006,115,0.254
2006,116,1.27
2006,117,1.778
2006,118,0
2006,119,6.096
2006,120,45.974
2006,121,16.764
2006,122,8.89
2006,123,17.272
2006,124,0
2006,125,0
2006,126,0
2006,127,1.778
2006,128,8.636
2006,129,24.384
2006,130,0.254
2006,131,3.302
2006,132,1.524
2006,133,3.048
2006,134,0
2006,135,0
2006,136,0.254
2006,137,0.254
2006,138,0
2006,139,0
2006,140,0.254
2006,141,0.254
2006,142,0
2006,143,0
2006,144,0
2006,145,0
2006,146,0
2006,147,0
2006,148,18.034
2006,149,0.254
2006,150,0.762
2006,151,3.81
2006,152,0.254
2006,153,0.762
2006,154,0
2006,155,8.128
2006,156,0.254
2006,157,8.89
2006,158,4.064
2006,159,1.524
2006,160,1.27
2006,161,0.254
2006,162,2.032
2006,163,10.922
2006,164,16.256
2006,165,5.588
2006,166,1.016
2006,167,4.318
2006,168,18.796
2006,169,16.764
2006,170,15.744
2006,171,49.784
2006,172,18.796
2006,173,16.764
2006,174,
2006,175,
2006,176,
2006,177,
2006,178,
2006,179,9.652
2006,180,41.656
2006,181,14.986
2006,182,38.862
2006,183,17.78
2006,184,5.842
2006,185,1.016
2006,186,0
2006,187,2.54
2006,188,5.08
2006,189,50.292
2006,190,29.718
2006,191,58.42
2006,192,6.096
2006,193,2.794
2006,194,7.112
2006,195,6.858
2006,196,21.844
2006,197,0
2006,198,3.81
2006,199,
2006,200,
2006,201,
2006,202,
2006,203,
2006,204,
2006,205,
2006,206,
2006,207,
2006,208,17.78
2006,209,12.446
2006,210,36.322
2006,211,32.766
2006,212,0
2006,213,0
2006,214,11.43
2006,215,15.494
2006,216,0.254
2006,217,18.542
2006,218,13.97
2006,219,14.986
2006,220,33.274
2006,221,2.032
2006,222,18.034
2006,223,5.08
2006,224,0
2006,225,0
2006,226,5.334
2006,227,16.002
2006,228,13.97
2006,229,1.016
2006,230,23.622
2006,231,5.588
2006,232,2.286
2006,233,0
2006,234,2.54
2006,235,0.508
2006,236,0
2006,237,20.574
2006,238,37.084
2006,239,0.254
2006,240,1.778
2006,241,0
2006,242,0
2006,243,0
2006,244,2.032
2006,245,1.778
2006,246,16.002
2006,247,24.638
2006,248,34.29
2006,249,12.7
2006,250,4.826
2006,251,2.032
2006,252,0
2006,253,0
2006,254,22.098
2006,255,0.254
2006,256,4.064
2006,257,12.192
2006,258,0
2006,259,0
2006,260,0
2006,261,0
2006,262,0
2006,263,0
2006,264,4.064
2006,265,0
2006,266,14.224
2006,267,5.588
2006,268,50.292
2006,269,0.254
2006,270,0
2006,271,10.414
2006,272,0.508
2006,273,0
2006,274,6.096
2006,275,11.684
2006,276,0
2006,277,5.08
2006,278,7.366
2006,279,8.382
2006,280,4.064
2006,281,0
2006,282,22.606
2006,283,18.288
2006,284,44.45
2006,285,0.254
2006,286,7.366
2006,287,0
2006,288,0
2006,289,3.556
2006,290,0
2006,291,0.508
2006,292,12.7
2006,293,2.286
2006,294,0
2006,295,1.27
2006,296,0
2006,297,0
2006,298,0
2006,299,0.254
2006,300,13.716
2006,301,9.906
2006,302,1.778
2006,303,8.89
2006,304,8.89
2006,305,2.032
2006,306,6.858
2006,307,7.874
2006,308,0.508
2006,309,0
2006,310,0
2006,311,0
2006,312,1.27
2006,313,0
2006,314,0
2006,315,1.016
2006,316,16.256
2006,317,12.954
2006,318,0.762
2006,319,2.54
2006,320,0.254
2006,321,0
2006,322,0
2006,323,0
2006,324,2.286
2006,325,5.08
2006,326,16.51
2006,327,2.032
2006,328,2.794
2006,329,0
2006,330,0
2006,331,46.482
2006,332,2.54
2006,333,0
2006,334,0
2006,335,0
2006,336,0
2006,337,0
2006,338,0
2006,339,0
2006,340,0
2006,341,0
2006,342,0
2006,343,0
2006,344,0
2006,345,0
2006,346,0
2006,347,0
2006,348,0
2006,349,0
2006,350,0
2006,351,0
2006,352,0
2006,353,0
2006,354,0
2006,355,0
2006,356,0
2006,357,0
2006,358,0
2006,359,0
2006,360,0
2006,361,0
2006,362,0
2006,363,0
2006,364,0
2006,365,0
2007,1,0
2007,2,0
2007,3,0
2007,4,0
2007,5,0
2007,6,0
2007,7,0
2007,8,0
2007,9,0
2007,10,0
2007,11,0
2007,12,0
2007,13,0
2007,14,0
2007,15,0
2007,16,0
2007,17,0
2007,18,0
2007,19,0
2007,20,0
2007,21,0
2007,22,0
2007,23,0
2007,24,0
2007,25,0
2007,26,0
2007,27,0
2007,28,0
2007,29,0
2007,30,0
2007,31,0
2007,32,0
2007,33,0
2007,34,0
2007,35,0
2007,36,0
2007,37,0
2007,38,0
2007,39,0
2007,40,0
2007,41,0
2007,42,0
2007,43,0
2007,44,0
2007,45,0
2007,46,0
2007,47,0
2007,48,0
2007,49,0
2007,50,0
2007,51,0
2007,52,0
2007,53,0
2007,54,0
2007,55,0
2007,56,0
2007,57,0
2007,58,0
2007,59,0
2007,60,0
2007,61,0
2007,62,0
2007,63,0
2007,64,0
2007,65,0
2007,66,0
2007,67,0
2007,68,0
2007,69,0
2007,70,0
2007,71,0
2007,72,0
2007,73,0
2007,74,0
2007,75,0
2007,76,0
2007,77,0
2007,78,1.016
2007,79,0
2007,80,3.302
2007,81,14.224
2007,82,3.556
2007,83,2.286
2007,84,0
2007,85,10.922
2007,86,4.318
2007,87,93.726
2007,88,6.858
2007,89,14.224
2007,90,1.016
2007,91,0.254
2007,92,0
2007,93,0.254
2007,94,15.494
2007,95,0
2007,96,0
2007,97,0
2007,98,0
2007,99,0
2007,100,0
2007,101,0
2007,102,0
2007,103,0
2007,104,0
2007,105,0
2007,106,0.254
2007,107,27.178
2007,108,10.16
2007,109,0.254
2007,110,0
2007,111,16.764
2007,112,58.928
2007,113,43.434
2007,114,60.452
2007,115,5.842
2007,116,49.53
2007,117,13.716
2007,118,0
2007,119,2.54
2007,120,29.21
2007,121,36.576
2007,122,14.478
2007,123,2.286
2007,124,0.508
2007,125,0.508
2007,126,0
2007,127,2.286
2007,128,0.508
2007,129,1.524
2007,130,0
2007,131,0.762
2007,132,0
2007,133,0
2007,134,0
2007,135,0
2007,136,0
2007,137,0
2007,138,0
2007,139,0
2007,140,0
2007,141,1.524
2007,142,0
2007,143,1.524
2007,144,4.064
2007,145,0
2007,146,0
2007,147,0
2007,148,3.81
2007,149,0
2007,150,0
2007,151,9.652
2007,152,9.398
2007,153,7.112
2007,154,0.508
2007,155,0.508
2007,156,0
2007,157,0
2007,158,2.286
2007,159,73.66
2007,160,2.54
2007,161,0.254
2007,162,0.254
2007,163,6.35
2007,164,3.81
2007,165,2.032
2007,166,0
2007,167,0
2007,168,15.24
2007,169,0.254
2007,170,0
2007,171,8.636
2007,172,0
2007,173,0
2007,174,0.508
2007,175,0.508
2007,176,30.988
2007,177,1.778
2007,178,6.604
2007,179,18.034
2007,180,2.54
2007,181,0.508
2007,182,1.016
2007,183,0
2007,184,0
2007,185,0
2007,186,0.508
2007,187,38.608
2007,188,1.524
2007,189,5.588
2007,190,0
2007,191,3.556
2007,192,3.556
2007,193,2.794
2007,194,0
2007,195,1.016
2007,196,10.922
2007,197,20.32
2007,198,55.626
2007,199,0.762
2007,200,31.242
2007,201,3.81
2007,202,0
2007,203,21.336
2007,204,4.064
2007,205,0.254
2007,206,0.508
2007,207,1.27
2007,208,0
2007,209,0
2007,210,0.254
2007,211,7.874
2007,212,2.286
2007,213,0
2007,214,0
2007,215,0
2007,216,6.604
2007,217,13.716
2007,218,7.112
2007,219,20.066
2007,220,17.78
2007,221,10.922
2007,222,11.176
2007,223,4.572
2007,224,0
2007,225,0.254
2007,226,1.524
2007,227,0
2007,228,7.62
2007,229,1.524
2007,230,21.082
2007,231,8.382
2007,232,12.192
2007,233,13.97
2007,234,1.016
2007,235,21.336
2007,236,17.526
2007,237,0
2007,238,4.826
2007,239,0
2007,240,6.604
2007,241,0
2007,242,1.016
2007,243,17.78
2007,244,21.844
2007,245,0.762
2007,246,6.35
2007,247,2.794
2007,248,0
2007,249,0
2007,250,0
2007,251,10.922
2007,252,1.524
2007,253,1.27
2007,254,2.54
2007,255,0.762
2007,256,11.938
2007,257,1.016
2007,258,32.512
2007,259,7.112
2007,260,3.302
2007,261,0.254
2007,262,0
2007,263,4.826
2007,264,1.016
2007,265,8.382
2007,266,19.812
2007,267,0.254
2007,268,0
2007,269,8.89
2007,270,12.7
2007,271,41.91
2007,272,1.524
2007,273,28.194
2007,274,8.636
2007,275,1.016
2007,276,0.254
2007,277,6.35
2007,278,4.572
2007,279,0
2007,280,1.524
2007,281,0
2007,282,3.302
2007,283,0
2007,284,10.414
2007,285,0.508
2007,286,15.748
2007,287,0.508
2007,288,0.254
2007,289,0.508
2007,290,0.762
2007,291,0.254
2007,292,0.762
2007,293,1.524
2007,294,2.032
2007,295,3.81
2007,296,8.636
2007,297,5.842
2007,298,16.51
2007,299,37.846
2007,300,45.72
2007,301,74.93
2007,302,29.718
2007,303,5.588
2007,304,1.016
2007,305,3.556
2007,306,0
2007,307,0
2007,308,4.826
2007,309,1.016
2007,310,0.508
2007,311,0
2007,312,0
2007,313,0
2007,314,0
2007,315,0
2007,316,6.35
2007,317,35.306
2007,318,0.254
2007,319,0.508
2007,320,0
2007,321,0
2007,322,11.938
2007,323,11.684
2007,324,9.906
2007,325,21.844
2007,326,16.256
2007,327,1.524
2007,328,7.112
2007,329,3.556
2007,330,2.286
2007,331,0.254
2007,332,3.048
2007,333,13.716
2007,334,25.146
2007,335,26.416
2007,336,25.908
2007,337,0.508
2007,338,2.794
2007,339,10.922
2007,340,1.27
2007,341,4.572
2007,342,21.082
2007,343,12.7
2007,344,28.194
2007,345,81.28
2007,346,13.97
2007,347,16.256
2007,348,23.876
2007,349,23.368
2007,350,6.858
2007,351,4.064
2007,352,2.794
2007,353,0
2007,354,4.064
2007,355,0.254
2007,356,0
2007,357,0
2007,358,13.97
2007,359,11.43
2007,360,2.794
2007,361,23.368
2007,362,12.954
2007,363,0.254
2007,364,7.62
2007,365,0.254
2008,1,5.588
2008,2,6.604
2008,3,0
2008,4,0.254
2008,5,50.292
2008,6,28.956
2008,7,3.556
2008,8,0.508
2008,9,4.826
2008,10,24.13
2008,11,0.508
2008,12,0
2008,13,12.7
2008,14,3.556
2008,15,0
2008,16,7.62
2008,17,8.89
2008,18,11.684
2008,19,7.366
2008,20,17.526
2008,21,40.64
2008,22,0.508
2008,23,5.334
2008,24,4.572
2008,25,2.794
2008,26,0
2008,27,0
2008,28,0
2008,29,16.764
2008,30,0
2008,31,2.286
2008,32,4.572
2008,33,3.302
2008,34,9.398
2008,35,6.35
2008,36,0.254
2008,37,20.32
2008,38,1.778
2008,39,16.256
2008,40,3.81
2008,41,0.254
2008,42,0
2008,43,7.366
2008,44,5.588
2008,45,8.636
2008,46,0.508
2008,47,0.762
2008,48,12.954
2008,49,4.826
2008,50,8.128
2008,51,8.636
2008,52,19.05
2008,53,2.54
2008,54,0
2008,55,0
2008,56,0
2008,57,0
2008,58,0
2008,59,0
2008,60,9.652
2008,61,0
2008,62,0
2008,63,0
2008,64,0
2008,65,0
2008,66,0
2008,67,0
2008,68,0
2008,69,0
2008,70,0
2008,71,0
2008,72,0
2008,73,0
2008,74,0
2008,75,0
2008,76,0
2008,77,0
2008,78,0
2008,79,0
2008,80,0
2008,81,0
2008,82,0
2008,83,0
2008,84,0
2008,85,0
2008,86,0
2008,87,0
2008,88,0
2008,89,0
2008,90,0
2008,91,0
2008,92,0
2008,93,0
2008,94,0
2008,95,0
2008,96,2.54
2008,97,11.938
2008,98,1.27
2008,99,18.796
2008,100,0
2008,101,0
2008,102,0
2008,103,0
2008,104,0.254
2008,105,9.144
2008,106,0.508
2008,107,0
2008,108,0
2008,109,0.762
2008,110,0.254
2008,111,0
2008,112,0
2008,113,8.89
2008,114,0
2008,115,0
2008,116,23.876
2008,117,10.414
2008,118,30.226
2008,119,3.81
2008,120,5.08
2008,121,0
2008,122,1.524
2008,123,4.826
2008,124,2.54
2008,125,6.858
2008,126,0.508
2008,127,0
2008,128,0
2008,129,0
2008,130,0
2008,131,0
2008,132,0
2008,133,0
2008,134,0
2008,135,0
2008,136,0
2008,137,2.794
2008,138,0.254
2008,139,0
2008,140,0
2008,141,0
2008,142,1.524
2008,143,41.656
2008,144,0.762
2008,145,3.048
2008,146,0
2008,147,0
2008,148,2.54
2008,149,14.986
2008,150,0
2008,151,0
2008,152,3.302
2008,153,12.192
2008,154,6.858
2008,155,41.656
2008,156,10.922
2008,157,15.494
2008,158,1.27
2008,159,0.254
2008,160,0
2008,161,0
2008,162,0
2008,163,6.35
2008,164,4.572
2008,165,5.08
2008,166,16.51
2008,167,0
2008,168,0
2008,169,0
2008,170,1.778
2008,171,0
2008,172,7.62
2008,173,0
2008,174,1.27
2008,175,30.734
2008,176,1.778
2008,177,0
2008,178,10.16
2008,179,1.016
2008,180,9.398
2008,181,6.35
2008,182,0
2008,183,14.732
2008,184,6.604
2008,185,5.08
2008,186,3.048
2008,187,19.304
2008,188,3.048
2008,189,2.794
2008,190,3.048
2008,191,15.748
2008,192,16.764
2008,193,0
2008,194,0.508
2008,195,0.254
2008,196,15.24
2008,197,11.684
2008,198,1.016
2008,199,7.366
2008,200,1.27
2008,201,0.254
2008,202,0
2008,203,0
2008,204,0
2008,205,1.27
2008,206,6.35
2008,207,1.778
2008,208,0
2008,209,0
2008,210,0
2008,211,0.762
2008,212,7.366
2008,213,34.04
2008,214,60.2
2008,215,15.24
2008,216,6.35
2008,217,3.05
2008,218,4.57
2008,219,0
2008,220,0
2008,221,0
2008,222,5.84
2008,223,2.29
2008,224,0
2008,225,0.25
2008,226,2.03
2008,227,6.6
2008,228,55.37
2008,229,0.25
2008,230,1.27
2008,231,0
2008,232,0
2008,233,0.76
2008,234,8.38
2008,235,1.27
2008,236,3.81
2008,237,2.29
2008,238,33.02
2008,239,0.25
2008,240,6.1
2008,241,0.25
2008,242,0
2008,243,0
2008,244,2.03
2008,245,22.61
2008,246,6.35
2008,247,128.27
2008,248,10.16
2008,249,0.25
2008,250,0.76
2008,251,68.07
2008,252,24.64
2008,253,7.112
2008,254,0
2008,255,0.254
2008,256,16.256
2008,257,2.286
2008,258,9.652
2008,259,0
2008,260,0
2008,261,0
2008,262,0
2008,263,26.67
2008,264,12.7
2008,265,114.81
2008,266,83.82
2008,267,20.32
2008,268,4.064
2008,269,0
2008,270,4.318
2008,271,2.032
2008,272,3.302
2008,273,1.27
2008,274,0
2008,275,1.778
2008,276,0
2008,277,3.81
2008,278,8.128
2008,279,3.048
2008,280,17.272
2008,281,0
2008,282,12.954
2008,283,2.286
2008,284,17.272
2008,285,21.082
2008,286,29.464
2008,287,73.66
2008,288,17.272
2008,289,39.37
2008,290,11.938
2008,291,0
2008,292,0
2008,293,1.778
2008,294,0
2008,295,0.508
2008,296,0.254
2008,297,15.494
2008,298,0.762
2008,299,0.254
2008,300,3.302
2008,301,1.27
2008,302,0
2008,303,18.796
2008,304,11.176
2008,305,7.366
2008,306,6.35
2008,307,3.556
2008,308,0.508
2008,309,0
2008,310,0
2008,311,0
2008,312,6.604
2008,313,6.858
2008,314,0
2008,315,3.302
2008,316,5.842
2008,317,8.382
2008,318,20.32
2008,319,19.05
2008,320,13.716
2008,321,2.54
2008,322,4.064
2008,323,0.254
2008,324,0
2008,325,2.794
2008,326,0
2008,327,10.668
2008,328,15.24
2008,329,1.524
2008,330,2.286
2008,331,0
2008,332,0
2008,333,2.794
2008,334,0
2008,335,0.508
2008,336,21.082
2008,337,9.652
2008,338,16.256
2008,339,14.224
2008,340,4.064
2008,341,0
2008,342,6.35
2008,343,1.016
2008,344,10.922
2008,345,3.81
2008,346,7.874
2008,347,2.03
2008,348,14.48
2008,349,1.52
2008,350,6.86
2008,351,7.87
2008,352,0.51
2008,353,0
2008,354,10.41
2008,355,9.65
2008,356,3.81
2008,357,0.25
2008,358,7.62
2008,359,20.07
2008,360,12.45
2008,361,7.37
2008,362,21.84
2008,363,5.08
2008,364,13.46
2008,365,0.25
2008,366,0
2010,1,13.46
2010,2,0
2010,3,0
2010,4,0
2010,5,0
2010,6,0
2010,7,58.67
2010,8,17.02
2010,9,0
2010,10,0
2010,11,0
2010,12,0
2010,13,0.51
2010,14,178.56
2010,15,102.87
2010,16,17.78
2010,17,16.51
2010,18,10.67
2010,19,0
2010,20,7.37
2010,21,0
2010,22,15.24
2010,23,0
2010,24,0.25
2010,25,19.05
2010,26,0.25
2010,27,0
2010,28,4.06
2010,29,1.27
2010,30,2.29
2010,31,7.37
2010,32,9.4
2010,33,1.52
2010,34,0
2010,35,0
2010,36,5.08
2010,37,0
2010,38,0
2010,39,0
2010,40,0
2010,41,0
2010,42,0
2010,43,7.87
2010,44,0
2010,45,0
2010,46,0
2010,47,0
2010,48,0
2010,49,7.37
2010,50,59.94
2010,51,113.79
2010,52,23.88
2010,53,1.52
2010,54,0.25
2010,55,0
2010,56,0
2010,57,28.45
2010,58,22.61
2010,59,0
2010,60,0
2010,61,0
2010,62,0
2010,63,0
2010,64,32.512
2010,65,57.912
2010,66,64.516
2010,67,2.286
2010,68,4.064
2010,69,4.572
2010,70,14.224
2010,71,6.858
2010,72,0
2010,73,0
2010,74,0
2010,75,0
2010,76,0
2010,77,0
2010,78,0
2010,79,0
2010,80,0.762
2010,81,0.254
2010,82,0.762
2010,83,0
2010,84,0
2010,85,1.27
2010,86,0.254
2010,87,0
2010,88,0.762
2010,89,0
2010,90,1.27
2010,91,0
2010,92,3.81
2010,93,0
2010,94,0
2010,95,0.254
2010,96,8.89
2010,97,2.54
2010,98,4.064
2010,99,0.508
2010,100,3.556
2010,101,21.59
2010,102,24.13
2010,103,15.494
2010,104,77.724
2010,105,21.336
2010,106,12.954
2010,107,10.668
2010,108,0.508
2010,109,0
2010,110,0.508
2010,111,1.524
2010,112,17.018
2010,113,44.45
2010,114,158.75
2010,115,1.016
2010,116,2.032
2010,117,0
2010,118,0
2010,119,0
2010,120,0
2010,121,0.25
2010,122,83.31
2010,123,15.75
2010,124,16.26
2010,125,0
2010,126,0
2010,127,68.33
2010,128,92.71
2010,129,4.06
2010,130,1.27
2010,131,9.91
2010,132,14.99
2010,133,58.17
2010,134,21.34
2010,135,36.07
2010,136,3.3
2010,137,71.88
2010,138,33.53
2010,139,5.84
2010,140,15.75
2010,141,0
2010,142,2.03
2010,143,10.67
2010,144,3.3
2010,145,12.19
2010,146,2.54
2010,147,2.29
2010,148,13.21
2010,149,16.51
2010,150,18.29
2010,151,10.92
2010,152,5.08
2010,153,0.76
2010,154,0
2010,155,0
2010,156,0
2010,157,0
2010,158,0.76
2010,159,0
2010,160,0.25
2010,161,0
2010,162,0.76
2010,163,9.14
2010,164,1.27
2010,165,0
2010,166,4.064
2010,167,5.842
2010,168,23.876
2010,169,25.654
2010,170,92.456
2010,171,16.764
2010,172,52.324
2010,173,11.684
2010,174,29.464
2010,175,34.544
2010,176,6.604
2010,177,0.254
2010,178,1.27
2010,179,0
2010,180,5.08
2010,181,17.78
2010,182,6.35
2010,183,0.762
2010,184,0
2010,185,0
2010,186,41.402
2010,187,9.144
2010,188,1.524
2010,189,1.016
2010,190,0.254
2010,191,15.24
2010,192,3.556
2010,193,5.08
2010,194,16.764
2010,195,33.02
2010,196,7.112
2010,197,
2010,198,
2010,199,
2010,200,
2010,201,
2010,202,
2010,203,
2010,204,
2010,205,
2010,206,
2010,207,
2010,208,
2010,209,
2010,210,
2010,211,
2010,212,
2010,213,
2010,214,
2010,215,
2010,216,
2010,217,
2010,218,
2010,219,
2010,220,
2010,221,
2010,222,
2010,223,
2010,224,1.27
2010,225,0
2010,226,17.78
2010,227,32.766
2010,228,6.858
2010,229,7.366
2010,230,0
2010,231,4.064
2010,232,0.254
2010,233,0
2010,234,6.604
2010,235,9.652
2010,236,2.032
2010,237,9.652
2010,238,3.556
2010,239,0
2010,240,0
2010,241,0.762
2010,242,64.262
2010,243,3.81
2010,244,15.24
2010,245,0
2010,246,0
2010,247,3.81
2010,248,9.398
2010,249,10.668
2010,250,60.706
2010,251,5.588
2010,252,0.508
2010,253,10.414
2010,254,20.828
2010,255,22.352
2010,256,0.254
2010,257,8.636
2010,258,21.59
2010,259,3.81
2010,260,1.016
2010,261,3.048
2010,262,0
2010,263,14.224
2010,264,0.254
2010,265,0
2010,266,23.114
2010,267,40.386
2010,268,10.16
2010,269,0
2010,270,8.636
2010,271,3.302
2010,272,1.016
2010,273,3.81
2010,274,8.128
2010,275,0.762
2010,276,11.938
2010,277,13.208
2010,278,2.794
2010,279,6.096
2010,280,33.02
2010,281,4.318
2010,282,0
2010,283,0
2010,284,1.016
2010,285,5.334
2010,286,0
2010,287,0
2010,288,1.524
2010,289,0
2010,290,0
2010,291,0
2010,292,0
2010,293,1.27
2010,294,0
2010,295,0.254
2010,296,7.62
2010,297,1.524
2010,298,0.508
2010,299,7.366
2010,300,11.938
2010,301,18.034
2010,302,5.588
2010,303,11.938
2010,304,0.762
2010,305,9.398
2010,306,0.254
2010,307,2.29
2010,308,14.99
2010,309,39.12
2010,310,20.07
2010,311,19.05
2010,312,7.11
2010,313,11.18
2010,314,2.29
2010,315,27.94
2010,316,7.87
2010,317,0.25
2010,318,0.25
2010,319,0.25
2010,320,0
2010,321,0.762
2010,322,0.254
2010,323,0
2010,324,0.254
2010,325,7.366
2010,326,27.94
2010,327,23.876
2010,328,0
2010,329,0
2010,330,7.366
2010,331,0.254
2010,332,1.016
2010,333,0
2010,334,6.096
2010,335,4.064
2010,336,0.254
2010,337,0
2010,338,0
2010,339,0
2010,340,0
2010,341,28.194
2010,342,0
2010,343,0
2010,344,0
2010,345,0
2010,346,0
2010,347,0
2010,348,0.2
2010,349,184.2
2010,350,47.5
2010,351,0.1
2010,352,1.7
2010,353,0
2010,354,11.5
2010,355,1.9
2010,356,36.6
2010,357,0
2010,358,0
2010,359,13.8
2010,360,4
2010,361,1
2010,362,24.8
2010,362,24.8
2010,363,23
2010,364,3.4
2010,365,0.2
2011,1,12.1
2011,2,21.1
2011,3,11.8
2011,4,7.7
2011,5,23.1
2011,6,0.5
2011,7,0.1
2011,8,0
2011,9,0
2011,10,3.9
2011,11,0.3
2011,12,10.9
2011,13,18.5
2011,14,0.2
2011,15,0
2011,16,0.4
2011,17,2.4
2011,18,2.1
2011,19,0
2011,20,0.6
2011,21,4.7
2011,22,0.8
2011,23,12.1
2011,24,0.3
2011,25,0.5
2011,26,0
2011,27,1.7
2011,28,2
2011,29,0
2011,30,11.8
2011,31,1.2
2011,32,2.2
2011,33,2.9
2011,34,0.8
2011,35,4.7
2011,36,24.5
2011,37,11.2
2011,38,17.6
2011,39,4.7
2011,40,2.3
2011,41,6.9
2011,42,7
2011,43,0.1
2011,44,7.4
2011,45,17.4
2011,46,0.1
2011,47,5
2011,48,2
2011,49,0.3
2011,50,26.4
2011,51,10.3
2011,52,24.9
2011,53,0
2011,54,0
2011,55,0
2011,56,2.2
2011,57,0
2011,58,0.1
2011,59,0
2011,60,0.6
2011,61,0.6
2011,62,0
2011,63,12.4
2011,64,0
2011,65,1.8
2011,66,8.7
2011,67,0
2011,68,0
2011,69,0.9
2011,70,3.9
2011,71,0
2011,72,0.8
2011,73,2.3
2011,74,3
2011,75,3.7
2011,76,0.2
2011,77,0
2011,78,10.3
2011,79,22.3
2011,80,3.9
2011,81,10.6
2011,82,2.3
2011,83,0.5
2011,84,0
2011,85,0
2011,86,0
2011,87,0.8
2011,88,0.2
2011,89,1.4
2011,90,0.1
2011,91,0
2011,92,4.7
2011,93,2
2011,94,1.5
2011,95,9.1
2011,96,2.4
2011,97,4.1
2011,98,8.7
2011,99,0
2011,100,4.7
2011,101,0
2011,102,22.7
2011,103,1.4
2011,104,14.2
2011,105,16
2011,106,0.3
2011,107,0
2011,108,0
2011,109,0
2011,110,3.7
2011,111,1.5
2011,112,0
2011,113,0.1
2011,114,0
2011,115,9.2
2011,116,40.4
2011,117,59
2011,118,4.3
2011,119,2.3
2011,120,16
2011,121,104.4
2011,122,23.7
2011,123,1.7
2011,124,1.6
2011,125,0
2011,126,0
2011,127,0
2011,128,0
2011,129,0
2011,130,12.4
2011,131,2.6
2011,132,0.6
2011,133,8.2
2011,134,12.8
2011,135,3.8
2011,136,15.3
2011,137,28.3
2011,138,0.2
2011,139,38.2
2011,140,70
2011,141,1.6
2011,142,1.2
2011,143,5.8
2011,144,1
2011,145,0.5
2011,146,0.1
2011,147,2.4
2011,148,2.5
2011,149,0
2011,150,0.5
2011,151,8.6
2011,152,7.3
2011,153,9.4
2011,154,3.2
2011,155,29
2011,156,9.1
2011,157,3.2
2011,158,5.4
2011,159,0.1
2011,160,0.1
2011,161,0
2011,162,0
2011,163,2
2011,164,3.2
2011,165,0
2011,166,1.6
2011,167,25.8
2011,168,2.6
2011,169,13
2011,170,46
2011,171,4.2
2011,172,21.4
2011,173,0
2011,174,0.4
2011,175,0.2
2011,176,3.8
2011,177,9.7
2011,178,28.1
2011,179,5.2
2011,180,2.8
2011,181,6.3
2011,182,10.7
2011,183,19.2
2011,184,9.6
2011,185,1.4
2011,186,0.2
2011,187,8.9
2011,188,28.8
2011,189,27.9
2011,190,0
2011,191,10.5
2011,192,10.1
2011,193,25.8
2011,194,28.2
2011,195,5.7
2011,196,0.9
2011,197,8.2
2011,198,13.4
2011,199,23.1
2011,200,8.9
2011,201,4.4
2011,202,15.8
2011,203,21.5
2011,204,25.7
2011,205,5.7
2011,206,0.1
2011,207,6.6
2011,208,37.3
2011,209,17.3
2011,210,18.4
2011,211,16.2
2011,212,3.6
2011,213,0.7
2011,214,53.5
2011,215,90.299
2011,216,4.5
2011,217,4.4
2011,218,3.6
2011,219,12.7
2011,220,0.3
2011,221,0.5
2011,222,23.1
2011,223,0.2
2011,224,7.8
2011,225,6.8
2011,226,0
2011,227,9.8
2011,228,15.8
2011,229,4.2
2011,230,10.5
2011,231,15
2011,232,0.1
2011,233,59.2
2011,234,234.6
2011,235,71.4
2011,236,56.2
2011,237,10.5
2011,238,0
2011,239,0
2011,240,2.8
2011,241,4.2
2011,242,3.9
2011,243,0.4
2011,244,0
2011,245,0
2011,246,9.2
2011,247,0
2011,248,0.4
2011,249,26.4
2011,250,1.7
2011,251,23.3
2011,252,1.4
2011,253,3.6
2011,254,9.6
2011,255,1.6
2011,256,64.5
2011,257,19.7
2011,258,0.3
2011,259,1.3
2011,260,13
2011,261,7.9
2011,262,34.9
2011,263,0.2
2011,264,17.6
2011,265,31.6
2011,266,0.8
2011,267,2.4
2011,268,25.5
2011,269,0
2011,270,2.6
2011,271,0.9
2011,272,0.6
2011,273,0.2
2011,274,5.6
2011,275,0.8
2011,276,4.4
2011,277,8.8
2011,278,20.2
2011,279,2.7
2011,280,0
2011,281,60.9
2011,282,0.1
2011,283,0
2011,284,0.1
2011,285,0
2011,286,6.3
2011,287,0
2011,288,5.3
2011,289,4.8
2011,290,2.2
2011,291,22.2
2011,292,0.8
2011,293,0.7
2011,294,23.3
2011,295,0.1
2011,296,0
2011,297,2.9
2011,298,2
2011,299,2.2
2011,300,3.6
2011,301,8.9
2011,302,19.5
2011,303,16.3
2011,304,22.5
2011,305,0
2011,306,2.6
2011,307,26.8
2011,308,10.3
2011,309,0.3
2011,310,0.2
2012,1,2.4
2012,2,6.5
2012,3,1.6
2012,4,7.2
2012,5,10.5
2012,6,9.4
2012,7,3
2012,8,0.3
2012,9,0.1
2012,10,0.9
2012,11,0
2012,12,0
2012,13,2.5
2012,14,3.4
2012,15,0.7
2012,16,20.1
2012,17,13.2
2012,18,23
2012,19,7
2012,20,0.8
2012,21,8.9
2012,22,2.7
2012,23,4
2012,24,10.4
2012,25,12.8
2012,26,6.6
2012,27,4.7
2012,28,7
2012,29,8.8
2012,30,15
2012,31,10.5
2012,32,7
2012,33,16.2
2012,34,15
2012,35,22.2
2012,36,4
2012,37,3.3
2012,38,22.1
2012,39,6
2012,40,7.4
2012,41,0.4
2012,42,0
2012,43,0
2012,44,10.2
2012,45,13.9
2012,46,3.6
2012,47,6.3
2012,48,1.9
2012,49,3.6
2012,50,0
2012,51,0
2012,52,2.8
2012,53,1.5
2012,54,0.3
2012,55,2.3
2012,56,1.6
2012,57,11.5
2012,58,7.2
2012,59,5.4
2012,60,11.1
2012,61,39.9
2012,62,13.7
2012,63,6.3
2012,64,4.6
2012,65,3.1
2012,66,3.9
2012,67,19.8
2012,68,7.7
2012,69,1.6
2012,70,3.6
2012,71,8
2012,72,16.4
2012,73,11.1
2012,74,11.4
2012,75,6.1
2012,76,0.5
2012,77,0
2012,78,0.3
2012,79,0.7
2012,80,2.7
2012,81,23.2
2012,82,25.8
2012,83,55
2012,84,28.4
2012,85,24.8
2012,86,0
2012,87,0.4
2012,88,61
2012,89,109.9
2012,90,58.5
2012,91,5.6
2012,92,0
2012,93,0
2012,94,0
2012,95,7.6
2012,96,0.1
2012,97,0.1
2012,98,1.6
2012,99,11
2012,100,19.9
2012,101,31.8
2012,102,0.1
2012,103,0
2012,104,41.1
2012,105,60.7
2012,106,0.1
2012,107,0.1
2012,108,0
2012,109,0
2012,110,0
2012,111,0.4
2012,112,0.4
2012,113,22.9
2012,114,1.5
2012,115,0
2012,116,0.1
2012,117,5
2012,118,4.3
2012,119,1.1
2012,120,4.5
2012,121,5.5
2012,122,8.3
2012,123,43.3
2012,124,13.4
2012,125,5.5
2012,126,35.6
2012,127,18.7
2012,128,0
2012,129,0
2012,130,0.7
2012,131,1.8
2012,132,0.8
2012,133,0.6
2012,134,0
2012,135,0.2
2012,136,3.5
2012,137,60.5
2012,138,53.1
2012,139,36.3
2012,140,11.3
2012,141,4.3
2012,142,5.1
2012,143,18.7
2012,144,20.5
2012,145,0
2012,146,0
2012,147,0
2012,148,0
2012,149,23.7
2012,150,0
2012,151,2.6
2012,152,19.2
2012,153,1
2012,154,0
2012,155,0
2012,156,0
2012,157,0
2012,158,2.1
2012,159,0.3
2012,160,0
2012,161,0
2012,162,1
2012,163,0
2012,164,0
2012,165,0
2012,166,0
2012,167,0
2012,168,1
2012,169,12.8
2012,170,1.4
2012,171,2.9
2012,172,3.2
2012,173,0.1
2012,174,0
2012,175,0
2012,176,0
2012,177,8.8
2012,178,8
2012,179,0
2012,180,3.5
2012,181,0.6
2012,182,0.3
2012,183,0
2012,184,7
2012,185,0
2012,186,13.5
2012,187,31.5
2012,188,0.2
2012,189,0.4
2012,190,1.8
2012,191,9.4
2012,192,0.8
2012,193,0.1
2012,194,6.9
2012,195,2.2
2012,196,5.2
2012,197,7.1
2012,198,0.1
2012,199,4.1
2012,200,16.7
2012,201,12.9
2012,202,62.2
2012,203,3.1
2012,204,4.6
2012,205,1
2012,206,2.4
2012,207,0
2012,208,2.7
2012,209,2.3
2012,210,3.4
2012,211,3.9
2012,212,21.1
2012,213,54.4
2012,214,1.3
2012,215,0
2012,216,4.7
2012,217,11.6
2012,218,0
2012,219,3.2
2012,220,3.2
2012,221,3.3
2012,222,2.7
2012,223,0
2012,224,0.2
2012,225,4.5
2012,226,0.7
2012,227,3.7
2012,228,19.7
2012,229,4.2
2012,230,9
2012,231,15.2
2012,232,4.2
2012,233,0
2012,234,21.8
2012,235,16.1
2012,236,41.5
2012,237,24.4
2012,238,17.7
2012,239,0
2012,240,8.2
2012,241,0.3
2012,242,6.2
2012,243,2.7
2012,244,2.3
2012,245,0.2
2012,246,5.4
2012,247,0
2012,248,0
2012,249,0.2
2012,250,0
2012,251,0
2012,252,0
2012,253,0
2012,254,0
2012,255,0
2012,256,0
2012,257,2.2
2012,258,0.4
2012,259,0.1
2012,260,0
2012,261,0.3
